metric,sn,scan_id,scan_processed_date,mean,median,min,max
Cathode Width (mm),LH1T-1,2280,2024-02-01 15:17:53,64.008,64.02560,63.82885,64.12405
Cathode Width (mm),LH1T-2,2281,2024-02-01 15:31:43,64.034,64.05840,63.86162,64.14053
Cathode Width (mm),LH1T-3,2282,2024-02-01 15:41:05,64.038,64.05842,63.86162,64.15685
Cathode Width (mm),LH1T-4,2283,2024-02-01 15:50:22,64.025,64.04201,63.87800,64.15705
Cathode Width (mm),LH1T-5,2284,2024-02-01 15:59:44,64.036,64.05842,63.87802,64.15693
Cathode Width (mm),LH1T-6,2285,2024-02-01 16:09:07,64.025,64.04202,63.86160,64.14053
Cathode Width (mm),LH1T-7,2286,2024-02-01 16:18:29,64.041,64.05842,63.86160,64.15688
Cathode Width (mm),LH1T-8,2287,2024-02-01 16:27:48,64.037,64.04210,63.86161,64.17330
Cathode Width (mm),LH1T-9,2288,2024-02-01 16:37:06,64.039,64.05840,63.86160,64.17330
Cathode Width (mm),LH1T-10,2289,2024-02-01 16:46:26,64.069,64.09126,63.89445,64.20603
Cathode Width (mm),LH1T-11,2290,2024-02-01 16:55:50,64.033,64.05840,63.87802,64.15682
Cathode Width (mm),LH1T-12,2291,2024-02-01 17:05:11,64.076,64.10761,63.87800,64.20601
Cathode Width (mm),LH1T-13,2292,2024-02-01 17:14:25,64.038,64.04217,63.91080,64.15693
Cathode Width (mm),LH1T-14,2293,2024-02-01 17:23:44,64.036,64.05843,63.86160,64.15690
Cathode Width (mm),LH1T-15,2294,2024-02-01 17:32:59,64.041,64.05843,63.86160,64.15690
Cathode Width (mm),LH1T-16,2295,2024-02-01 17:42:15,64.040,64.05853,63.86160,64.15697
Cathode Width (mm),LH1T-17,2296,2024-02-01 17:51:35,64.037,64.05841,63.86162,64.15721
Cathode Width (mm),LH1T-18,2297,2024-02-01 18:00:55,64.037,64.05840,63.82890,64.17341
Cathode Width (mm),LH1T-19,2298,2024-02-01 18:10:15,64.039,64.05845,63.89440,64.17333
Cathode Width (mm),LH1T-20,2299,2024-02-01 18:19:28,64.036,64.05841,63.87801,64.15715
Cathode Width (mm),LH1T-21,2300,2024-02-01 18:28:49,64.025,64.04202,63.86160,64.17321
Cathode Width (mm),LH1T-22,2301,2024-02-01 18:38:06,64.021,64.02561,63.86168,64.15680
Cathode Width (mm),LH1T-23,2302,2024-02-01 18:47:19,64.030,64.04208,63.87808,64.15680
Cathode Width (mm),LH1T-24,2303,2024-02-01 18:56:33,64.044,64.05868,63.89440,64.17328
Cathode Width (mm),LH1T-25,2304,2024-02-01 19:05:53,64.037,64.05841,63.86163,64.15697
Cathode Width (mm),LH1T-26,2305,2024-02-01 19:15:09,64.028,64.05842,63.84520,64.14057
Cathode Width (mm),LH1T-27,2306,2024-02-01 19:24:23,64.048,64.05861,63.91080,64.18962
Cathode Width (mm),LH1T-28,2307,2024-02-01 19:33:37,64.038,64.05842,63.87810,64.17333
Cathode Width (mm),LH1T-29,2308,2024-02-01 19:42:47,64.035,64.04215,63.87802,64.17325
Cathode Width (mm),LH1T-30,2309,2024-02-01 19:52:02,64.040,64.05840,63.87810,64.15680
Cathode Width (mm),LH1T-31,2310,2024-02-01 20:01:19,64.027,64.04203,63.87800,64.15683
Cathode Width (mm),LH1T-32,2311,2024-02-01 20:10:35,64.033,64.04201,63.89441,64.14048
Cathode Width (mm),LH1T-33,2312,2024-02-01 20:19:47,64.028,64.04205,63.86160,64.14045
Cathode Width (mm),LH1T-34,2313,2024-02-01 20:29:02,64.026,64.04205,63.87800,64.12405
Cathode Width (mm),LH1T-35,2314,2024-02-01 20:38:13,64.029,64.04203,63.86160,64.15682
Cathode Width (mm),LH1T-36,2315,2024-02-01 20:47:32,64.022,64.02563,63.86161,64.14043
Cathode Width (mm),LH1T-37,2316,2024-02-01 20:56:47,64.045,64.05842,63.91080,64.17322
Cathode Width (mm),LH1T-38,2317,2024-02-01 21:06:08,64.032,64.04208,63.86160,64.15680
Cathode Width (mm),LH1T-39,2318,2024-02-01 21:15:29,64.021,64.04200,63.84521,64.12410
Cathode Width (mm),LH1T-40,2319,2024-02-01 21:24:41,64.023,64.04200,63.87800,64.14053
Cathode Width (mm),LH1T-41,2320,2024-02-01 21:33:57,64.022,64.04200,63.86160,64.14043
Cathode Width (mm),LH1T-42,2321,2024-02-01 21:43:13,64.027,64.04201,63.87803,64.15693
Cathode Width (mm),LH1T-43,2322,2024-02-01 21:52:31,64.043,64.05841,63.91080,64.15685
Cathode Width (mm),LH1T-44,2323,2024-02-01 22:01:49,64.046,64.05848,63.87800,64.17321
Cathode Width (mm),LH1T-45,2324,2024-02-01 22:11:03,64.031,64.04202,63.87801,64.15680
Cathode Width (mm),LH1T-46,2325,2024-02-01 22:20:18,64.027,64.04213,63.84533,64.14065
Cathode Width (mm),LH1T-47,2326,2024-02-01 22:29:38,64.026,64.04201,63.86162,64.14041
Cathode Width (mm),LH1T-48,2327,2024-02-01 22:38:56,64.028,64.04202,63.89440,64.15682
Cathode Width (mm),LH1T-49,2328,2024-02-01 22:48:09,64.026,64.04200,63.87800,64.14048
Cathode Width (mm),LH1T-50,2329,2024-02-01 22:57:20,64.025,64.04200,63.86160,64.14040
Cathode Width (mm),LH1T-51,2330,2024-02-01 23:06:32,64.026,64.04200,63.86160,64.14050
Cathode Width (mm),LH1T-52,2331,2024-02-01 23:15:45,64.027,64.04205,63.86163,64.15688
Cathode Width (mm),LH1T-53,2332,2024-02-01 23:24:58,64.025,64.04200,63.86165,64.14057
Cathode Width (mm),LH1T-54,2333,2024-02-01 23:34:13,64.022,64.04200,63.86160,64.14043
Cathode Width (mm),LH1T-55,2334,2024-02-01 23:43:27,64.027,64.04201,63.86160,64.14043
Cathode Width (mm),LH1T-56,2335,2024-02-01 23:52:42,64.047,64.05840,63.87800,64.15683
Cathode Width (mm),LH1T-57,2336,2024-02-02 00:01:59,64.023,64.02572,63.86163,64.14050
Cathode Width (mm),LH1T-58,2337,2024-02-02 00:11:18,64.027,64.04221,63.87801,64.15682
Cathode Width (mm),LH1T-59,2338,2024-02-02 00:20:38,64.021,64.04201,63.87800,64.14045
Cathode Width (mm),LH1T-60,2339,2024-02-02 00:29:55,64.035,64.05842,63.87800,64.14050
Cathode Width (mm),LH1T-61,2340,2024-02-02 00:39:09,64.051,64.07481,63.87801,64.15685
Cathode Width (mm),LH1T-62,2341,2024-02-02 00:48:25,64.034,64.05840,63.89440,64.15688
Cathode Width (mm),LH1T-63,2342,2024-02-02 00:57:33,64.031,64.04217,63.84541,64.15690
Cathode Width (mm),LH1T-64,2343,2024-02-02 01:06:52,64.023,64.04200,63.84522,64.14041
Cathode Width (mm),LH1T-65,2344,2024-02-02 01:16:04,64.025,64.04200,63.84520,64.14043
Cathode Width (mm),LH1T-66,2345,2024-02-02 01:25:25,64.031,64.04203,63.86160,64.14041
Cathode Width (mm),LH1T-67,2346,2024-02-02 01:34:37,64.025,64.02570,63.86160,64.12402
Cathode Width (mm),LH1T-68,2347,2024-02-02 01:43:56,64.017,64.02565,63.87800,64.12402
Cathode Width (mm),LH1T-69,2348,2024-02-02 01:53:14,64.026,64.04203,63.89440,64.14040
Cathode Width (mm),LH1T-70,2349,2024-02-02 02:02:29,64.027,64.04202,63.86160,64.15681
Cathode Width (mm),LH1T-71,2350,2024-02-02 02:11:45,64.026,64.04205,63.84520,64.14043
Cathode Width (mm),LH1T-72,2351,2024-02-02 02:20:58,64.033,64.05840,63.84521,64.15690
Cathode Width (mm),LH1T-73,2352,2024-02-02 02:30:12,64.023,64.04203,63.84523,64.14048
Cathode Width (mm),LH1T-74,2353,2024-02-02 02:39:30,64.023,64.04201,63.87800,64.14061
Cathode Width (mm),LH1T-75,2354,2024-02-02 02:48:44,64.043,64.05850,63.91085,64.15690
Cathode Width (mm),LH1T-76,2355,2024-02-02 02:57:59,64.024,64.04200,63.86160,64.14048
Cathode Width (mm),LH1T-77,2356,2024-02-02 03:07:18,64.029,64.04217,63.86163,64.15693
Cathode Width (mm),LH1T-78,2357,2024-02-02 03:16:32,64.033,64.04202,63.86160,64.14041
Cathode Width (mm),LH1T-79,2358,2024-02-02 03:25:44,64.032,64.05840,63.87800,64.15683
Cathode Width (mm),LH1T-80,2360,2024-02-02 03:35:06,64.028,64.04202,63.86168,64.14057
Cathode Width (mm),LH1T-81,2368,2024-02-02 07:59:10,64.024,64.04202,63.84520,64.14061
Cathode Width (mm),LH1T-82,2369,2024-02-02 08:08:26,64.027,64.04200,63.84522,64.15681
Cathode Width (mm),LH1T-83,2370,2024-02-02 08:17:46,64.031,64.04209,63.84525,64.15682
Cathode Width (mm),LH1T-84,2371,2024-02-02 08:36:58,64.028,64.04208,63.89441,64.14050
Cathode Width (mm),LH1T-85,2372,2024-02-02 08:46:19,64.032,64.04203,63.86161,64.15685
Cathode Width (mm),LH1T-86,2373,2024-02-02 08:55:47,64.025,64.04203,63.84522,64.14048
Cathode Width (mm),LH1T-87,2374,2024-02-02 09:05:14,64.037,64.05843,63.86160,64.15690
Cathode Width (mm),LH1T-88,2375,2024-02-02 09:14:36,64.023,64.04203,63.84522,64.14070
Cathode Width (mm),LH1T-89,2376,2024-02-02 09:23:55,64.031,64.04201,63.86160,64.15685
Cathode Width (mm),LH1T-90,2377,2024-02-02 09:33:16,64.021,64.04200,63.86160,64.14053
Cathode Width (mm),LH1T-91,2378,2024-02-02 09:42:42,64.025,64.04202,63.87800,64.14065
Cathode Width (mm),LH1T-92,2379,2024-02-02 09:52:09,64.048,64.05848,63.87800,64.17323
Cathode Width (mm),LH1T-93,2380,2024-02-02 10:01:29,64.031,64.04210,63.86170,64.14043
Cathode Width (mm),LH1T-94,2381,2024-02-02 10:10:49,64.027,64.04200,63.87800,64.14048
Cathode Width (mm),LH1T-95,2383,2024-02-02 10:20:11,64.048,64.07488,63.89443,64.17321
Cathode Width (mm),LH1T-96,2384,2024-02-02 10:29:36,64.034,64.05853,63.86163,64.15690
Cathode Width (mm),LH1T-97,2385,2024-02-02 10:39:00,64.025,64.04202,63.87800,64.14048
Cathode Width (mm),LH1T-98,2389,2024-02-02 10:48:24,64.027,64.04203,63.87800,64.14048
Cathode Width (mm),LH1T-99,2390,2024-02-02 10:57:52,64.028,64.04201,63.89440,64.14048
Cathode Width (mm),LH1T-100,2391,2024-02-02 11:07:10,64.022,64.02577,63.86161,64.14061
Cathode Width (mm),LH1T-101,2392,2024-02-02 11:16:29,64.035,64.05843,63.91116,64.14061
Cathode Width (mm),LH1T-102,2393,2024-02-02 11:25:57,64.067,64.10760,63.87801,64.18968
Cathode Width (mm),LH1T-103,2436,2024-02-02 11:49:50,64.035,64.05842,63.89440,64.15705
Cathode Width (mm),LH1T-104,2437,2024-02-02 12:49:06,64.025,64.04200,63.87800,64.15682
Cathode Width (mm),LH1T-105,2438,2024-02-02 12:58:19,64.033,64.04221,63.87802,64.17345
Cathode Width (mm),LH1T-106,2439,2024-02-02 13:07:35,64.046,64.05861,63.87801,64.18985
Cathode Width (mm),LH1T-107,2440,2024-02-02 13:16:56,64.034,64.04210,63.86160,64.15701
Cathode Width (mm),LH1T-108,2441,2024-02-02 13:26:21,64.016,64.02593,63.87830,64.14061
Cathode Width (mm),LH1T-109,2442,2024-02-02 13:35:39,64.039,64.05842,63.89440,64.15705
Cathode Width (mm),LH1T-110,2443,2024-02-02 13:45:06,64.041,64.05861,63.86160,64.15705
Cathode Width (mm),LH1T-111,2444,2024-02-02 13:54:27,64.042,64.05887,63.89465,64.17328
Cathode Width (mm),LH1T-112,2445,2024-02-02 14:04:14,64.036,64.05842,63.86163,64.15688
Cathode Width (mm),LH1T-113,2446,2024-02-02 14:13:35,64.036,64.05843,63.86162,64.15697
Cathode Width (mm),LH1T-114,2447,2024-02-02 14:23:01,64.023,64.04200,63.87800,64.15697
Cathode Width (mm),LH1T-115,2448,2024-02-02 14:32:28,64.039,64.05857,63.89440,64.15690
Cathode Width (mm),LH1T-116,2449,2024-02-04 14:46:59,64.024,64.04213,63.87803,64.14057
Cathode Width (mm),LH1T-117,2450,2024-02-04 14:56:09,64.029,64.04203,63.87801,64.15683
Cathode Width (mm),LH1T-118,2451,2024-02-04 15:05:18,64.107,64.14040,63.89441,64.20610
Cathode Width (mm),LH1T-119,2452,2024-02-04 15:14:30,64.027,64.05840,63.86160,64.14043
Cathode Width (mm),LH1T-120,2453,2024-02-04 15:23:46,64.034,64.04205,63.87800,64.15683
Cathode Width (mm),LH1T-121,2454,2024-02-04 15:32:55,64.027,64.04221,63.87800,64.15683
Cathode Width (mm),LH1T-122,2455,2024-02-04 15:42:06,64.043,64.05878,63.87801,64.17341
Cathode Width (mm),LH1T-123,2456,2024-02-04 15:51:22,64.029,64.04203,63.84525,64.14045
Cathode Width (mm),LH1T-124,2457,2024-02-04 16:00:38,64.028,64.04213,63.87830,64.14075
Cathode Width (mm),LH1T-125,2458,2024-02-04 16:09:50,64.019,64.04200,63.86173,64.15682
Cathode Width (mm),LH1T-126,2459,2024-02-04 16:19:04,64.038,64.05841,63.87801,64.17322
Cathode Width (mm),LH1T-127,2460,2024-02-04 16:28:13,64.032,64.04205,63.86160,64.14053
Cathode Width (mm),LH1T-128,2461,2024-02-04 16:37:23,64.036,64.05842,63.82880,64.14050
Cathode Width (mm),LH1T-129,2462,2024-02-04 16:46:38,64.070,64.07485,63.91080,64.22250
Cathode Width (mm),LH1T-130,2463,2024-02-04 16:55:52,64.056,64.07480,63.94363,64.15685
Cathode Width (mm),LH1T-131,2464,2024-02-04 17:05:02,64.097,64.12402,63.94360,64.20630
Cathode Width (mm),LH1T-132,2465,2024-02-04 17:14:22,64.022,64.04200,63.89441,64.14053
Cathode Width (mm),LH1T-133,2466,2024-02-04 17:23:33,64.023,64.04203,63.86160,64.14057
Cathode Width (mm),LH1T-134,2467,2024-02-04 17:32:49,64.044,64.05865,63.86160,64.17355
Cathode Width (mm),LH1T-135,2468,2024-02-04 17:42:04,64.030,64.05840,63.86160,64.15688
Cathode Width (mm),LH1T-136,2469,2024-02-04 17:51:12,64.033,64.04221,63.86161,64.17322
Cathode Width (mm),LH1T-137,2470,2024-02-04 18:00:25,64.034,64.05840,63.89442,64.15690
Cathode Width (mm),LH1T-138,2471,2024-02-04 18:09:34,64.098,64.12400,63.89440,64.22241
Cathode Width (mm),LH1T-139,2472,2024-02-04 18:18:52,64.039,64.07482,63.87884,64.17330
Cathode Width (mm),LH1T-140,2473,2024-02-04 18:28:06,64.052,64.05850,63.87800,64.17330
Cathode Width (mm),LH1T-141,2474,2024-02-05 08:46:30,64.040,64.05842,63.87800,64.17355
Cathode Width (mm),LH1T-142,2475,2024-02-04 18:40:05,64.036,64.04205,63.87800,64.17325
Cathode Width (mm),LH1T-143,2476,2024-02-04 18:49:20,64.137,64.15690,63.94362,64.27168
Cathode Width (mm),LH1T-144,2477,2024-02-04 18:58:33,64.039,64.05865,63.89445,64.17320
Cathode Width (mm),LH1T-145,2478,2024-02-04 19:07:50,64.042,64.05842,63.86165,64.17330
Cathode Width (mm),LH1T-146,2479,2024-02-04 19:17:05,64.031,64.04213,63.87805,64.15727
Cathode Width (mm),LH1T-147,2480,2024-02-04 19:26:21,64.044,64.05870,63.84525,64.17330
Cathode Width (mm),LH1T-148,2481,2024-02-04 19:35:38,64.085,64.10770,63.94360,64.20605
Cathode Width (mm),LH1T-149,2482,2024-02-04 19:44:51,64.041,64.05845,63.87800,64.15693
Cathode Width (mm),LH1T-150,2483,2024-02-04 19:54:04,64.050,64.07490,63.87808,64.18977
Cathode Width (mm),LH1T-151,2484,2024-02-04 20:03:23,64.041,64.05853,63.86162,64.17341
Cathode Width (mm),LH1T-152,2485,2024-02-04 20:12:41,64.037,64.05850,63.87800,64.17325
Cathode Width (mm),LH1T-153,2486,2024-02-04 20:21:54,64.032,64.04201,63.86162,64.15690
Cathode Width (mm),LH1T-154,2487,2024-02-04 20:31:06,64.032,64.04247,63.89487,64.15697
Cathode Width (mm),LH1T-155,2488,2024-02-04 20:40:26,64.083,64.12400,63.92720,64.20621
Cathode Width (mm),LH1T-156,2489,2024-02-04 20:49:39,64.042,64.05875,63.89440,64.17328
Cathode Width (mm),LH1T-157,2490,2024-02-04 20:58:51,64.096,64.12400,63.92720,64.22248
Cathode Width (mm),LH1T-158,2491,2024-02-04 21:08:13,64.078,64.10762,63.87800,64.20635
Cathode Width (mm),LH1T-159,2492,2024-02-04 21:17:30,64.022,64.04205,63.87800,64.12410
Cathode Width (mm),LH1T-160,2493,2024-02-04 21:26:44,64.033,64.05840,63.87801,64.14048
Cathode Width (mm),LH1T-161,2494,2024-02-04 21:35:59,64.034,64.04254,63.89440,64.14075
Cathode Width (mm),LH1T-162,2495,2024-02-04 21:45:12,64.033,64.04230,63.91083,64.15715
Cathode Width (mm),LH1T-163,2496,2024-02-04 21:54:22,64.042,64.07481,63.84523,64.14061
Cathode Width (mm),LH1T-164,2497,2024-02-04 22:03:39,64.040,64.05840,63.87800,64.17337
Cathode Width (mm),LH1T-165,2498,2024-02-04 22:12:54,64.041,64.05841,63.86165,64.17325
Cathode Width (mm),LH1T-166,2499,2024-02-04 22:22:09,64.046,64.07480,63.89440,64.17322
Cathode Width (mm),LH1T-167,2500,2024-02-04 22:31:26,64.043,64.05863,63.89440,64.17323
Cathode Width (mm),LH1T-168,2501,2024-02-04 22:40:43,64.031,64.04201,63.86163,64.15685
Cathode Width (mm),LH1T-169,2502,2024-02-04 22:50:00,64.046,64.05850,63.87803,64.17361
Cathode Width (mm),LH1T-170,2503,2024-02-04 22:59:18,64.045,64.05924,63.91085,64.15710
Cathode Width (mm),LH1T-171,2504,2024-02-04 23:08:32,64.031,64.04241,63.87802,64.17328
Cathode Width (mm),LH1T-172,2505,2024-02-04 23:17:49,64.040,64.05850,63.86160,64.17341
Cathode Width (mm),LH1T-173,2506,2024-02-04 23:27:03,64.037,64.05848,63.91097,64.14081
Cathode Width (mm),LH1T-174,2507,2024-02-04 23:36:22,64.037,64.05840,63.87800,64.17330
Cathode Width (mm),LH1T-175,2508,2024-02-04 23:45:37,64.040,64.05841,63.86160,64.15693
Cathode Width (mm),LH1T-176,2509,2024-02-04 23:54:55,64.044,64.05840,63.87800,64.17328
Cathode Width (mm),LH1T-177,2510,2024-02-05 00:04:13,64.043,64.05853,63.87802,64.17333
Cathode Width (mm),LH1T-178,2511,2024-02-05 00:13:29,64.048,64.05887,63.87810,64.17345
Cathode Width (mm),LH1T-179,2512,2024-02-05 00:22:45,64.023,64.04202,63.84522,64.12425
Cathode Width (mm),LH1T-180,2513,2024-02-05 00:32:49,64.041,64.05840,63.87800,64.15693
Cathode Width (mm),LH1T-181,2514,2024-02-05 00:42:05,64.041,64.05853,63.84525,64.17322
Cathode Width (mm),LH1T-182,2515,2024-02-05 00:51:16,64.036,64.04225,63.87800,64.15710
Cathode Width (mm),LH1T-183,2516,2024-02-05 01:00:34,64.017,64.02573,63.86162,64.14041
Cathode Width (mm),LH1T-184,2517,2024-02-05 01:09:50,64.031,64.04210,63.87800,64.17322
Cathode Width (mm),LH1T-185,2518,2024-02-05 01:19:08,64.041,64.05841,63.89440,64.17367
Cathode Width (mm),LH1T-186,2519,2024-02-05 01:28:25,64.065,64.09121,63.87800,64.17328
Cathode Width (mm),LH1T-187,2520,2024-02-05 01:37:45,64.038,64.05843,63.87800,64.15693
Cathode Width (mm),LH1T-188,2521,2024-02-05 01:46:59,64.041,64.05853,63.87800,64.17345
Cathode Width (mm),LH1T-189,2522,2024-02-05 01:56:19,64.088,64.12400,63.96010,64.20613
Cathode Width (mm),LH1T-190,2523,2024-02-05 02:05:35,64.042,64.05857,63.89441,64.17330
Cathode Width (mm),LH1T-191,2524,2024-02-05 02:14:54,64.040,64.05850,63.86165,64.17337
Cathode Width (mm),LH1T-192,2525,2024-02-05 02:24:06,64.020,64.04200,63.84522,64.14045
Cathode Width (mm),LH1T-193,2526,2024-02-05 02:33:25,64.018,64.02577,63.89461,64.12417
Cathode Width (mm),LH1T-194,2527,2024-02-05 02:42:44,64.103,64.14040,63.92721,64.20608
Cathode Width (mm),LH1T-195,2528,2024-02-05 02:52:01,64.031,64.05850,63.89445,64.14075
Cathode Width (mm),LH1T-196,2529,2024-02-05 03:01:11,64.044,64.05891,63.86163,64.15741
Cathode Width (mm),LH1T-197,2530,2024-02-05 03:10:14,64.046,64.07480,63.87800,64.18973
Cathode Width (mm),LH1T-198,2531,2024-02-05 03:19:23,64.040,64.05870,63.89450,64.15721
Cathode Width (mm),LH1T-199,2532,2024-02-05 03:28:31,64.042,64.05842,63.89440,64.17345
Cathode Width (mm),LH1T-200,2533,2024-02-05 03:37:46,64.017,64.02577,63.87800,64.10777
Cathode Width (mm),LH1T-201,2534,2024-02-05 03:47:00,64.027,64.04209,63.86161,64.14053
Cathode Width (mm),LH1T-202,2535,2024-02-05 03:56:10,64.024,64.04217,63.87800,64.14045
Cathode Width (mm),LH1T-203,2536,2024-02-05 04:05:20,64.023,64.04202,63.87800,64.12410
Cathode Width (mm),LH1T-204,2537,2024-02-05 04:14:30,64.026,64.04205,63.84522,64.14061
Cathode Width (mm),LH1T-205,2538,2024-02-05 04:23:47,64.030,64.04208,63.87800,64.15690
Cathode Width (mm),LH1T-206,2539,2024-02-05 04:33:03,64.031,64.05840,63.89440,64.15683
Cathode Width (mm),LH1T-207,2540,2024-02-05 04:42:19,64.028,64.04201,63.86160,64.14057
Cathode Width (mm),LH1T-208,2541,2024-02-05 04:51:31,64.026,64.04201,63.87801,64.14045
Cathode Width (mm),LH1T-209,2542,2024-02-05 05:00:40,64.027,64.04203,63.87801,64.14045
Cathode Width (mm),LH1T-210,2543,2024-02-05 05:09:58,64.044,64.05840,63.86162,64.15680
Cathode Width (mm),LH1T-211,2544,2024-02-05 05:19:14,64.033,64.05840,63.86161,64.15682
Cathode Width (mm),LH1T-212,2545,2024-02-05 05:28:27,64.024,64.04201,63.87800,64.14045
Cathode Width (mm),LH1T-213,2546,2024-02-05 05:37:39,64.033,64.05840,63.87800,64.14048
Cathode Width (mm),LH1T-214,2547,2024-02-05 05:46:47,64.027,64.04202,63.84520,64.14042
Cathode Width (mm),LH1T-215,2548,2024-02-05 05:56:00,64.022,64.04200,63.86160,64.14048
Cathode Width (mm),LH1T-216,2549,2024-02-05 06:05:11,64.024,64.04200,63.86165,64.14050
Cathode Width (mm),LH1T-217,2550,2024-02-05 06:14:29,64.021,64.04201,63.84522,64.14057
Cathode Width (mm),LH1T-218,2551,2024-02-05 06:23:46,64.024,64.04202,63.89440,64.14045
Cathode Width (mm),LH1T-219,2552,2024-02-05 08:55:50,64.035,64.05840,63.84521,64.14053
Cathode Width (mm),LH1T-220,2553,2024-02-05 07:04:40,64.033,64.04213,63.87800,64.15680
Cathode Width (mm),LH1T-221,2554,2024-02-05 07:13:52,64.043,64.05843,63.87801,64.15688
Cathode Width (mm),LH1T-222,2555,2024-02-05 07:23:02,64.044,64.05841,63.89440,64.15690
Cathode Width (mm),LH1T-223,2556,2024-02-05 07:32:12,64.028,64.04210,63.86173,64.14050
Cathode Width (mm),LH1T-224,2557,2024-02-05 07:41:27,64.025,64.04201,63.86160,64.14053
Cathode Width (mm),LH1T-225,2558,2024-02-05 07:50:46,64.024,64.04200,63.86161,64.14048
Cathode Width (mm),LH1T-226,2559,2024-02-05 08:00:02,64.045,64.07480,63.87800,64.15688
Cathode Width (mm),LH1T-227,2560,2024-02-05 08:09:18,64.028,64.04200,63.86160,64.12413
Cathode Width (mm),LH1T-228,2561,2024-02-05 08:18:36,64.029,64.04213,63.87808,64.15681
Cathode Width (mm),LH1T-229,2562,2024-02-05 08:27:56,64.042,64.05841,63.87800,64.15682
Cathode Width (mm),LH1T-230,2563,2024-02-05 08:37:10,64.026,64.04205,63.86160,64.14042
Cathode Width (mm),LH1T-231,2564,2024-02-05 09:19:13,64.028,64.05840,63.86162,64.14041
Cathode Width (mm),LH1T-232,2565,2024-02-05 09:28:24,64.031,64.04202,63.89440,64.15690
Cathode Width (mm),LH1T-233,2566,2024-02-05 09:37:35,64.033,64.05840,63.86160,64.15683
Cathode Width (mm),LH1T-234,2567,2024-02-05 09:49:06,64.029,64.04208,63.86160,64.15681
Cathode Width (mm),LH1T-235,2568,2024-02-05 16:12:42,64.029,64.04205,63.84521,64.14045
Cathode Width (mm),LH1T-236,2569,2024-02-05 10:45:36,64.018,64.02565,63.84520,64.14042
Cathode Width (mm),LH1T-237,2570,2024-02-05 10:54:47,64.031,64.04210,63.87800,64.15688
Cathode Width (mm),LH1T-238,2571,2024-02-05 11:04:04,64.027,64.04208,63.86160,64.14050
Cathode Width (mm),LH1T-239,2572,2024-02-05 11:13:22,64.024,64.04200,63.86160,64.15681
Cathode Width (mm),LH1T-240,2573,2024-02-05 11:22:40,64.026,64.04203,63.86160,64.15693
Cathode Width (mm),LH1T-241,2574,2024-02-05 11:31:55,64.027,64.04201,63.86160,64.15680
Cathode Width (mm),LH1T-242,2575,2024-02-05 11:41:11,64.028,64.04201,63.86161,64.14042
Cathode Width (mm),LH1T-243,2576,2024-02-05 11:50:40,64.043,64.05841,63.91080,64.15680
Cathode Width (mm),LH1T-244,2577,2024-02-05 11:59:59,64.022,64.04203,63.87800,64.14045
Cathode Width (mm),LH1T-245,2578,2024-02-05 12:09:17,64.032,64.05840,63.86160,64.15681
Cathode Width (mm),LH1T-246,2579,2024-02-05 12:18:41,64.028,64.04210,63.87800,64.15701
Cathode Width (mm),LH1T-247,2580,2024-02-05 12:28:00,64.029,64.04202,63.86160,64.14050
Cathode Width (mm),LH1T-248,2581,2024-02-05 12:37:17,64.026,64.04205,63.86160,64.14045
Cathode Width (mm),LH1T-249,2582,2024-02-05 12:46:39,64.041,64.05845,63.86165,64.15701
Cathode Width (mm),LH1T-250,2583,2024-02-05 12:56:02,64.027,64.04200,63.86160,64.14048
Cathode Width (mm),LH1T-251,2584,2024-02-05 13:05:24,64.022,64.04202,63.86160,64.14042
Cathode Width (mm),LH1T-252,2585,2024-02-05 13:14:47,64.023,64.04200,63.87800,64.14040
Cathode Width (mm),LH1T-253,2586,2024-02-05 13:24:08,64.027,64.05840,63.87800,64.14048
Cathode Width (mm),LH1T-254,2587,2024-02-05 13:33:32,64.024,64.04200,63.86160,64.15693
Cathode Width (mm),LH1T-255,2588,2024-02-05 13:42:56,64.018,64.02590,63.87800,64.14053
Cathode Width (mm),LH1T-256,2589,2024-02-05 13:52:15,64.025,64.04203,63.87800,64.15683
Cathode Width (mm),LH1T-257,2590,2024-02-05 14:01:33,64.028,64.04203,63.84520,64.15681
Cathode Width (mm),LH1T-258,2591,2024-02-05 14:10:58,64.028,64.04205,63.87800,64.14075
Cathode Width (mm),LH1T-259,2592,2024-02-05 14:20:18,64.042,64.05844,63.89441,64.15690
Cathode Width (mm),LH1T-260,2593,2024-02-05 14:29:37,64.025,64.04201,63.82882,64.14042
Cathode Width (mm),LH1T-261,2594,2024-02-05 14:39:04,64.089,64.09122,63.89440,64.22248
Cathode Width (mm),LH1T-262,2595,2024-02-05 14:48:33,64.085,64.09137,63.92745,64.20625
Cathode Width (mm),LH1T-263,2596,2024-02-05 14:57:49,64.099,64.12430,63.92720,64.23890
Cathode Width (mm),LH1T-264,2597,2024-02-05 15:07:15,64.082,64.10760,63.87800,64.20625
Cathode Width (mm),LH1T-265,2598,2024-02-05 15:16:39,64.085,64.09130,63.89441,64.20617
Cathode Width (mm),LH1T-266,2599,2024-02-05 15:25:58,64.079,64.07490,63.92721,64.20613
Cathode Width (mm),LH1T-267,2600,2024-02-05 15:35:19,64.073,64.09125,63.89440,64.20621
Cathode Width (mm),LH1T-268,2601,2024-02-05 15:44:41,64.082,64.09125,63.91080,64.20608
Cathode Width (mm),LH1T-269,2602,2024-02-05 15:54:00,64.073,64.07515,63.92721,64.20635
Cathode Width (mm),LH1T-270,2603,2024-02-05 16:03:24,64.076,64.09133,63.89441,64.20621
Cathode Width (mm),LH1T-271,2604,2024-02-05 16:22:01,64.073,64.07485,63.89442,64.20617
Cathode Width (mm),LH1T-272,2605,2024-02-05 16:31:26,64.082,64.09130,63.89440,64.20600
Cathode Width (mm),LH1T-273,2606,2024-02-05 16:40:50,64.082,64.10762,63.87810,64.18962
Cathode Width (mm),LH1T-274,2607,2024-02-05 16:50:09,64.079,64.09125,63.92721,64.22250
Cathode Width (mm),LH1T-275,2608,2024-02-05 16:59:30,64.078,64.09137,63.91080,64.20605
Cathode Width (mm),LH1T-276,2609,2024-02-05 17:08:56,64.089,64.09129,63.94360,64.22275
Cathode Width (mm),LH1T-277,2610,2024-02-05 17:18:14,64.080,64.09121,63.92720,64.22275
Cathode Width (mm),LH1T-278,2611,2024-02-05 17:27:35,64.085,64.10760,63.91080,64.20610
Cathode Width (mm),LH1T-279,2612,2024-02-05 17:36:58,64.084,64.10765,63.92722,64.23890
Cathode Width (mm),LH1T-280,2613,2024-02-05 17:46:12,64.077,64.10773,63.91088,64.18990
Cathode Width (mm),LH1T-281,2614,2024-02-05 17:55:36,64.069,64.09123,63.87802,64.20602
Cathode Width (mm),LH1T-282,2615,2024-02-05 18:04:54,64.098,64.12435,63.89440,64.22324
Cathode Width (mm),LH1T-283,2616,2024-02-05 18:14:15,64.086,64.12401,63.92720,64.20600
Cathode Width (mm),LH1T-284,2617,2024-02-05 18:23:38,64.073,64.10765,63.89440,64.18965
Cathode Width (mm),LH1T-285,2618,2024-02-06 05:54:25,64.077,64.10762,63.91097,64.18981
Cathode Width (mm),LH1T-286,2619,2024-02-05 18:41:04,64.086,64.10761,63.94365,64.20613
Cathode Width (mm),LH1T-287,2620,2024-02-05 18:50:24,64.077,64.09141,63.92720,64.22243
Cathode Width (mm),LH1T-288,2621,2024-02-05 18:59:47,64.085,64.09133,63.96000,64.22250
Cathode Width (mm),LH1T-289,2622,2024-02-05 19:09:05,64.087,64.09150,63.91080,64.20613
Cathode Width (mm),LH1T-290,2623,2024-02-05 19:18:27,64.092,64.10762,63.92720,64.20610
Cathode Width (mm),LH1T-291,2624,2024-02-05 19:27:48,64.072,64.09125,63.87803,64.20613
Cathode Width (mm),LH1T-292,2625,2024-02-05 19:37:09,64.080,64.09120,63.89441,64.20613
Cathode Width (mm),LH1T-293,2626,2024-02-05 19:46:27,64.076,64.10770,63.92720,64.19001
Cathode Width (mm),LH1T-294,2627,2024-02-05 19:55:42,64.081,64.09130,63.86160,64.22242
Cathode Width (mm),LH1T-295,2628,2024-02-05 20:05:05,64.077,64.10760,63.89441,64.20602
Cathode Width (mm),LH1T-296,2629,2024-02-05 20:14:32,64.081,64.09128,63.86162,64.22242
Cathode Width (mm),LH1T-297,2630,2024-02-05 20:23:49,64.079,64.09121,63.89440,64.20610
Cathode Width (mm),LH1T-298,2631,2024-02-05 20:33:10,64.080,64.09130,63.89440,64.22248
Cathode Width (mm),LH1T-299,2632,2024-02-05 20:42:32,64.077,64.09125,63.91097,64.22275
Cathode Width (mm),LH1T-300,2633,2024-02-05 20:51:50,64.080,64.10763,63.92733,64.22261
Cathode Width (mm),LH1T-301,2634,2024-02-05 21:01:07,64.083,64.07501,63.89442,64.22253
Cathode Width (mm),LH1T-302,2635,2024-02-05 21:10:25,64.077,64.10768,63.89470,64.20602
Cathode Width (mm),LH1T-303,2636,2024-02-05 21:19:43,64.084,64.09145,63.91080,64.22270
Cathode Width (mm),LH1T-304,2637,2024-02-05 21:28:59,64.076,64.10765,63.91083,64.18981
Cathode Width (mm),LH1T-305,2638,2024-02-05 21:38:23,64.080,64.09122,63.92730,64.18973
Cathode Width (mm),LH1T-306,2639,2024-02-05 21:47:42,64.096,64.12400,63.87800,64.22287
Cathode Width (mm),LH1T-307,2640,2024-02-05 21:56:58,64.107,64.14040,63.92720,64.23897
Cathode Width (mm),LH1T-308,2641,2024-02-05 22:06:16,64.083,64.09145,63.91083,64.20621
Cathode Width (mm),LH1T-309,2642,2024-02-05 22:15:37,64.084,64.09141,63.92728,64.18985
Cathode Width (mm),LH1T-310,2643,2024-02-05 22:24:52,64.082,64.09122,63.92720,64.22245
Cathode Width (mm),LH1T-311,2644,2024-02-05 22:34:08,64.081,64.10761,63.91080,64.18968
Cathode Width (mm),LH1T-312,2645,2024-02-05 22:43:32,64.082,64.09125,63.89440,64.22248
Cathode Width (mm),LH1T-313,2646,2024-02-05 22:52:53,64.082,64.09125,63.91080,64.22245
Cathode Width (mm),LH1T-314,2647,2024-02-05 23:02:12,64.071,64.10760,63.92730,64.20613
Cathode Width (mm),LH1T-315,2648,2024-02-05 23:11:34,64.083,64.10762,63.92737,64.20603
Cathode Width (mm),LH1T-316,2649,2024-02-05 23:20:57,64.076,64.09123,63.86160,64.20617
Cathode Width (mm),LH1T-317,2650,2024-02-05 23:30:10,64.109,64.12403,63.89448,64.25545
Cathode Width (mm),LH1T-318,2651,2024-02-05 23:39:39,64.083,64.10760,63.89465,64.20625
Cathode Width (mm),LH1T-319,2652,2024-02-05 23:49:00,64.079,64.09137,63.86160,64.20603
Cathode Width (mm),LH1T-320,2653,2024-02-05 23:58:11,64.083,64.09120,63.92745,64.22245
Cathode Width (mm),LH1T-321,2654,2024-02-06 00:07:26,64.073,64.10761,63.91085,64.18973
Cathode Width (mm),LH1T-322,2655,2024-02-06 00:16:48,64.080,64.09137,63.92723,64.20610
Cathode Width (mm),LH1T-323,2656,2024-02-06 00:26:10,64.080,64.09121,63.89440,64.22257
Cathode Width (mm),LH1T-324,2657,2024-02-06 00:35:29,64.077,64.10770,63.92720,64.20621
Cathode Width (mm),LH1T-325,2658,2024-02-06 00:44:50,64.083,64.09121,63.87801,64.22242
Cathode Width (mm),LH1T-326,2659,2024-02-06 00:54:07,64.087,64.09121,63.92722,64.22270
Cathode Width (mm),LH1T-327,2660,2024-02-06 01:03:29,64.081,64.10762,63.92733,64.22240
Cathode Width (mm),LH1T-328,2661,2024-02-06 01:12:54,64.070,64.09133,63.91081,64.18970
Cathode Width (mm),LH1T-329,2662,2024-02-06 01:22:09,64.078,64.09141,63.92767,64.20602
Cathode Width (mm),LH1T-330,2663,2024-02-06 01:31:32,64.076,64.10760,63.89441,64.22243
Cathode Width (mm),LH1T-331,2664,2024-02-06 01:40:55,64.075,64.09137,63.91080,64.20613
Cathode Width (mm),LH1T-332,2665,2024-02-06 01:50:21,64.084,64.10760,63.92750,64.22261
Cathode Width (mm),LH1T-333,2666,2024-02-06 01:59:40,64.065,64.09122,63.91080,64.18970
Cathode Width (mm),LH1T-334,2667,2024-02-06 02:09:02,64.078,64.09121,63.86161,64.22242
Cathode Width (mm),LH1T-335,2668,2024-02-06 02:18:26,64.080,64.09122,63.91080,64.20601
Cathode Width (mm),LH1T-336,2669,2024-02-06 02:27:46,64.074,64.09145,63.89465,64.20630
Cathode Width (mm),LH1T-337,2670,2024-02-06 02:37:06,64.082,64.10763,63.92720,64.20621
Cathode Width (mm),LH1T-338,2671,2024-02-06 02:46:29,64.077,64.09123,63.89440,64.22242
Cathode Width (mm),LH1T-339,2672,2024-02-06 02:55:47,64.085,64.10765,63.91080,64.23880
Cathode Width (mm),LH1T-340,2673,2024-02-06 03:05:07,64.084,64.10760,63.89440,64.20613
Cathode Width (mm),LH1T-341,2674,2024-02-06 08:01:00,64.069,64.07493,63.89445,64.18977
Cathode Width (mm),LH1T-342,2675,2024-02-06 08:10:10,64.073,64.09125,63.89440,64.18973
Cathode Width (mm),LH1T-343,2676,2024-02-06 08:19:20,64.101,64.12410,63.91082,64.23948
Cathode Width (mm),LH1T-344,2677,2024-02-06 08:28:35,64.100,64.12403,63.91081,64.22270
Cathode Width (mm),LH1T-345,2678,2024-02-06 08:37:51,64.074,64.10760,63.92720,64.22265
Cathode Width (mm),LH1T-346,2679,2024-02-06 08:47:04,64.091,64.12402,63.92741,64.22250
Cathode Width (mm),LH1T-347,2680,2024-02-06 08:56:27,64.082,64.07490,63.91085,64.22243
Cathode Width (mm),LH1T-348,2681,2024-02-06 09:05:43,64.106,64.14043,63.91082,64.23888
Cathode Width (mm),LH1T-349,2682,2024-02-06 09:15:08,64.067,64.07482,63.89440,64.20608
Cathode Width (mm),LH1T-350,2683,2024-02-06 09:24:34,64.071,64.09128,63.89445,64.18977
Cathode Width (mm),LH1T-351,2684,2024-02-06 09:33:55,64.075,64.09120,63.92722,64.20617
Cathode Width (mm),LH1T-352,2685,2024-02-06 09:43:13,64.078,64.10760,63.86162,64.18962
Cathode Width (mm),LH1T-353,2686,2024-02-06 09:52:27,64.101,64.12433,63.89450,64.23888
Cathode Width (mm),LH1T-354,2687,2024-02-06 10:01:52,64.075,64.09120,63.91080,64.22253
Cathode Width (mm),LH1T-355,2688,2024-02-06 10:11:14,64.080,64.09133,63.92723,64.20613
Cathode Width (mm),LH1T-356,2689,2024-02-06 10:20:31,64.075,64.09133,63.91080,64.20602
Cathode Width (mm),LH1T-357,2690,2024-02-06 10:29:47,64.079,64.09124,63.92728,64.22257
Cathode Width (mm),LH1T-358,2691,2024-02-06 10:39:11,64.079,64.10763,63.92721,64.18970
Cathode Width (mm),LH1T-359,2692,2024-02-06 10:48:32,64.082,64.10760,63.92723,64.20617
Cathode Width (mm),LH1T-360,2693,2024-02-06 10:57:49,64.086,64.09125,63.92720,64.23883
Cathode Width (mm),LH1T-361,2694,2024-02-06 11:07:03,64.098,64.10765,63.86173,64.23890
Cathode Width (mm),LH1T-362,2695,2024-02-06 11:16:27,64.082,64.10760,63.87801,64.20601
Cathode Width (mm),LH1T-363,2696,2024-02-06 11:25:48,64.083,64.09139,63.92720,64.22242
Cathode Width (mm),LH1T-364,2697,2024-02-06 11:35:05,64.086,64.10761,63.89440,64.20601
Cathode Width (mm),LH1T-365,2698,2024-02-06 12:06:37,64.090,64.10763,63.94360,64.20610
Cathode Width (mm),LH1T-366,2699,2024-02-06 12:55:45,64.082,64.09137,63.91097,64.22242
Cathode Width (mm),LH1T-367,2700,2024-02-06 13:05:08,64.081,64.10770,63.91080,64.20621
Cathode Width (mm),LH1T-368,2701,2024-02-06 13:14:31,64.083,64.09130,63.92722,64.22245
Cathode Width (mm),LH1T-369,2702,2024-02-06 13:23:53,64.080,64.10760,63.92745,64.20630
Cathode Width (mm),LH1T-370,2703,2024-02-06 13:33:13,64.081,64.10761,63.91080,64.20617
Cathode Width (mm),LH1T-371,2704,2024-02-06 13:42:29,64.080,64.09130,63.87800,64.22240
Cathode Width (mm),LH1T-372,2705,2024-02-06 13:51:46,64.082,64.10760,63.86177,64.22261
Cathode Width (mm),LH1T-373,2706,2024-02-06 14:01:00,64.080,64.09130,63.89440,64.20617
Cathode Width (mm),LH1T-374,2707,2024-02-06 14:10:17,64.084,64.09120,63.92720,64.20610
Cathode Width (mm),LH1T-375,2708,2024-02-06 14:19:33,64.080,64.10762,63.92720,64.17337
Cathode Width (mm),LH1T-376,2709,2024-02-06 14:28:52,64.081,64.10762,63.87803,64.20630
Cathode Width (mm),LH1T-377,2710,2024-02-06 14:38:07,64.086,64.09128,63.91080,64.22240
Cathode Width (mm),LH1T-378,2711,2024-02-06 14:47:24,64.088,64.09137,63.91080,64.22253
Cathode Width (mm),LH1T-379,2712,2024-02-06 14:56:40,64.074,64.10768,63.91081,64.18981
Cathode Width (mm),LH1T-380,2713,2024-02-06 15:06:01,64.080,64.09122,63.91080,64.20601
Cathode Width (mm),LH1T-381,2714,2024-02-06 15:15:17,64.080,64.10760,63.91080,64.20601
Cathode Width (mm),LH1T-382,2715,2024-02-06 15:24:40,64.076,64.10760,63.89440,64.20605
Cathode Width (mm),LH1T-383,2716,2024-02-06 15:33:57,64.073,64.10760,63.89448,64.18977
Cathode Width (mm),LH1T-384,2717,2024-02-06 15:43:07,64.071,64.09122,63.91080,64.18968
Cathode Width (mm),LH1T-385,2718,2024-02-06 15:52:20,64.080,64.09123,63.91081,64.22261
Cathode Width (mm),LH1T-386,2719,2024-02-06 16:01:35,64.077,64.09123,63.86165,64.20610
Cathode Width (mm),LH1T-387,2720,2024-02-06 16:10:48,64.084,64.09150,63.94360,64.20635
Cathode Width (mm),LH1T-388,2721,2024-02-06 16:20:05,64.085,64.10761,63.91080,64.20621
Cathode Width (mm),LH1T-389,2722,2024-02-06 16:29:20,64.077,64.09137,63.87808,64.20605
Cathode Width (mm),LH1T-390,2723,2024-02-06 16:38:43,64.073,64.09133,63.86162,64.18968
Cathode Width (mm),LH1T-391,2724,2024-02-06 16:48:02,64.039,64.05840,63.87800,64.15690
Cathode Width (mm),LH1T-392,2725,2024-02-06 17:07:14,64.039,64.05845,63.87800,64.17321
Cathode Width (mm),LH1T-393,2726,2024-02-07 10:18:21,64.041,64.05850,63.86160,64.17333
Cathode Width (mm),LH1T-394,2727,2024-02-07 10:27:57,64.030,64.05840,63.86160,64.15690
Cathode Width (mm),LH1T-395,2728,2024-02-06 18:08:26,64.023,64.04201,63.86160,64.14048
Cathode Width (mm),LH1T-396,2729,2024-02-06 18:17:36,64.035,64.04217,63.89440,64.15688
Cathode Width (mm),LH1T-397,2730,2024-02-06 18:26:43,64.042,64.05843,63.89440,64.15697
Cathode Width (mm),LH1T-398,2731,2024-02-07 10:37:16,64.036,64.05875,63.86196,64.15697
Cathode Width (mm),LH1T-399,2732,2024-02-06 18:43:57,64.005,64.02561,63.86160,64.14041
Cathode Width (mm),LH1T-400,2733,2024-02-06 18:53:01,64.040,64.05845,63.89440,64.17355
Cathode Width (mm),LH1T-401,2734,2024-02-06 19:02:18,64.043,64.05853,63.89440,64.15727
Cathode Width (mm),LH1T-402,2735,2024-02-06 19:11:27,64.037,64.04225,63.87800,64.14053
Cathode Width (mm),LH1T-403,2736,2024-02-06 19:20:34,64.038,64.05857,63.91080,64.15697
Cathode Width (mm),LH1T-404,2737,2024-02-06 19:29:43,64.042,64.05843,63.87802,64.17325
Cathode Width (mm),LH1T-405,2738,2024-02-06 19:38:56,64.033,64.05843,63.87802,64.15683
Cathode Width (mm),LH1T-406,2739,2024-02-06 19:48:08,64.045,64.05870,63.87813,64.17361
Cathode Width (mm),LH1T-407,2740,2024-02-06 19:57:20,64.031,64.04217,63.86163,64.14075
Cathode Width (mm),LH1T-408,2741,2024-02-06 20:06:30,64.041,64.05853,63.89443,64.17333
Cathode Width (mm),LH1T-409,2742,2024-02-06 20:15:40,64.036,64.05850,63.89465,64.15697
Cathode Width (mm),LH1T-410,2743,2024-02-06 20:24:46,64.035,64.05840,63.89440,64.15688
Cathode Width (mm),LH1T-411,2744,2024-02-06 20:34:01,64.027,64.04202,63.89441,64.14050
Cathode Width (mm),LH1T-412,2745,2024-02-06 20:43:07,64.097,64.12403,63.89440,64.20617
Cathode Width (mm),LH1T-413,2746,2024-02-06 20:52:11,64.011,64.02560,63.87801,64.12405
Cathode Width (mm),LH1T-414,2747,2024-02-06 21:01:17,64.041,64.05853,63.89445,64.17323
Cathode Width (mm),LH1T-415,2748,2024-02-06 21:10:27,64.042,64.07480,63.89441,64.17337
Cathode Width (mm),LH1T-416,2749,2024-02-06 21:19:27,64.026,64.04205,63.86160,64.12425
Cathode Width (mm),LH1T-417,2750,2024-02-06 21:28:34,64.097,64.12401,63.87801,64.22248
Cathode Width (mm),LH1T-418,2751,2024-02-06 21:37:39,64.034,64.04208,63.89440,64.17328
Cathode Width (mm),LH1T-419,2752,2024-02-06 21:46:44,64.032,64.04261,63.87825,64.14053
Cathode Width (mm),LH1T-420,2753,2024-02-06 21:55:45,64.043,64.05875,63.87841,64.17328
Cathode Width (mm),LH1T-421,2754,2024-02-06 22:04:48,64.075,64.10762,63.89442,64.18968
Cathode Width (mm),LH1T-422,2755,2024-02-06 22:13:52,64.047,64.05875,63.89441,64.17325
Cathode Width (mm),LH1T-423,2756,2024-02-06 22:22:52,64.045,64.05840,63.87800,64.17333
Cathode Width (mm),LH1T-424,2757,2024-02-06 22:31:55,64.038,64.05861,63.89442,64.15690
Cathode Width (mm),LH1T-425,2758,2024-02-06 22:40:57,64.038,64.05843,63.86160,64.15710
Cathode Width (mm),LH1T-426,2759,2024-02-06 22:50:00,64.019,64.04200,63.86161,64.12413
Cathode Width (mm),LH1T-427,2760,2024-02-06 22:59:01,64.035,64.04202,63.87800,64.15693
Cathode Width (mm),LH1T-428,2761,2024-02-06 23:08:05,64.087,64.10762,63.96000,64.20621
Cathode Width (mm),LH1T-429,2762,2024-02-06 23:17:06,64.039,64.05861,63.89445,64.17321
Cathode Width (mm),LH1T-430,2763,2024-02-06 23:26:08,64.039,64.05842,63.89448,64.15697
Cathode Width (mm),LH1T-431,2764,2024-02-06 23:35:10,64.075,64.10760,63.91080,64.18973
Cathode Width (mm),LH1T-432,2765,2024-02-06 23:44:10,64.035,64.05842,63.87800,64.15701
Cathode Width (mm),LH1T-433,2766,2024-02-06 23:53:10,64.050,64.07481,63.91081,64.17320
Cathode Width (mm),LH1T-434,2767,2024-02-07 00:02:17,64.040,64.05853,63.87800,64.15690
Cathode Width (mm),LH1T-435,2768,2024-02-07 00:11:22,64.017,64.02570,63.87805,64.14045
Cathode Width (mm),LH1T-436,2769,2024-02-07 00:20:31,64.032,64.04205,63.87800,64.15693
Cathode Width (mm),LH1T-437,2770,2024-02-07 00:29:40,64.034,64.05857,63.87800,64.15690
Cathode Width (mm),LH1T-438,2771,2024-02-07 00:38:47,64.034,64.04217,63.89440,64.14057
Cathode Width (mm),LH1T-439,2772,2024-02-07 00:47:53,64.040,64.05843,63.86160,64.15705
Cathode Width (mm),LH1T-440,2773,2024-02-07 00:56:59,64.021,64.04202,63.86160,64.14053
Cathode Width (mm),LH1T-441,2774,2024-02-07 01:06:04,64.026,64.04202,63.87810,64.14043
Cathode Width (mm),LH1T-442,2775,2024-02-07 01:15:08,64.032,64.05841,63.84520,64.14048
Cathode Width (mm),LH1T-443,2776,2024-02-07 01:24:17,64.030,64.04201,63.87800,64.15685
Cathode Width (mm),LH1T-444,2777,2024-02-07 01:33:23,64.038,64.05850,63.86160,64.15705
Cathode Width (mm),LH1T-445,2778,2024-02-07 01:42:27,64.031,64.04221,63.89440,64.14057
Cathode Width (mm),LH1T-446,2779,2024-02-07 01:51:31,64.034,64.07480,63.87800,64.15701
Cathode Width (mm),LH1T-447,2780,2024-02-07 02:00:33,64.038,64.05868,63.87841,64.15682
Cathode Width (mm),LH1T-448,2781,2024-02-07 02:09:34,64.037,64.05840,63.87800,64.15693
Cathode Width (mm),LH1T-449,2782,2024-02-07 02:18:36,64.036,64.05848,63.87801,64.15682
Cathode Width (mm),LH1T-450,2783,2024-02-07 02:27:38,64.041,64.05857,63.86160,64.15690
Cathode Width (mm),LH1T-451,2784,2024-02-07 02:36:38,64.033,64.05848,63.87800,64.17323
Cathode Width (mm),LH1T-452,2785,2024-02-07 02:45:47,64.083,64.10765,63.94363,64.20608
Cathode Width (mm),LH1T-453,2786,2024-02-07 02:54:48,64.043,64.05848,63.87800,64.18981
Cathode Width (mm),LH1T-454,2787,2024-02-07 03:03:53,64.021,64.04201,63.86161,64.14057
Cathode Width (mm),LH1T-455,2788,2024-02-07 03:12:51,64.032,64.04208,63.86160,64.15682
Cathode Width (mm),LH1T-456,2789,2024-02-07 03:21:52,64.081,64.10785,63.94373,64.20602
Cathode Width (mm),LH1T-457,2790,2024-02-07 03:30:58,64.028,64.04205,63.87800,64.15683
Cathode Width (mm),LH1T-458,2791,2024-02-07 03:39:59,64.032,64.05840,63.84521,64.17322
Cathode Width (mm),LH1T-459,2792,2024-02-07 03:49:01,64.043,64.05850,63.87800,64.17337
Cathode Width (mm),LH1T-460,2793,2024-02-07 03:58:03,64.031,64.04205,63.86160,64.14065
Cathode Width (mm),LH1T-461,2794,2024-02-07 04:07:03,64.038,64.05841,63.86160,64.15697
Cathode Width (mm),LH1T-462,2795,2024-02-07 04:16:05,64.039,64.05842,63.87800,64.15688
Cathode Width (mm),LH1T-463,2796,2024-02-07 04:25:06,64.063,64.09121,63.89440,64.18968
Cathode Width (mm),LH1T-464,2797,2024-02-07 04:34:08,64.077,64.10760,63.92721,64.18965
Cathode Width (mm),LH1T-465,2798,2024-02-07 04:43:11,64.027,64.04210,63.86160,64.15721
Cathode Width (mm),LH1T-466,2799,2024-02-07 04:52:13,64.038,64.05845,63.86161,64.17328
Cathode Width (mm),LH1T-467,2800,2024-02-07 05:01:38,64.032,64.04205,63.87800,64.17330
Cathode Width (mm),LH1T-468,2801,2024-02-07 05:10:41,64.076,64.10762,63.89440,64.20621
Cathode Width (mm),LH1T-469,2802,2024-02-07 05:19:46,64.024,64.02570,63.86160,64.14041
Cathode Width (mm),LH1T-470,2803,2024-02-07 05:29:06,64.075,64.10760,63.86161,64.20605
Cathode Width (mm),LH1T-471,2804,2024-02-07 05:38:09,64.044,64.06684,63.87801,64.17355
Cathode Width (mm),LH1T-472,2805,2024-02-07 05:47:16,64.044,64.05840,63.86160,64.17333
Cathode Width (mm),LH1T-473,2806,2024-02-07 05:56:25,64.043,64.05848,63.86168,64.15715
Cathode Width (mm),LH1T-474,2807,2024-02-07 06:05:36,64.030,64.04210,63.89440,64.14050
Cathode Width (mm),LH1T-475,2808,2024-02-07 06:14:43,64.039,64.05843,63.89441,64.15690
Cathode Width (mm),LH1T-476,2809,2024-02-07 06:24:02,64.060,64.07482,63.87805,64.18965
Cathode Width (mm),LH1T-477,2810,2024-02-07 06:33:22,64.041,64.05853,63.87800,64.17345
Cathode Width (mm),LH1T-478,2811,2024-02-07 06:42:41,64.030,64.04210,63.87800,64.14070
Cathode Width (mm),LH1T-479,2812,2024-02-07 06:51:59,64.045,64.05865,63.89440,64.18970
Cathode Width (mm),LH1T-480,2814,2024-02-07 07:01:20,64.087,64.10761,63.89441,64.22243
Cathode Width (mm),LH1T-481,2815,2024-02-07 07:10:45,64.037,64.05853,63.89445,64.17341
Cathode Width (mm),LH1T-482,2816,2024-02-07 07:20:07,64.031,64.05848,63.87836,64.15690
Cathode Width (mm),LH1T-483,2817,2024-02-07 07:29:31,64.031,64.05848,63.86160,64.14075
Cathode Width (mm),LH1T-484,2818,2024-02-07 07:38:48,64.038,64.05845,63.86160,64.17330
Cathode Width (mm),LH1T-485,2819,2024-02-07 07:48:10,64.037,64.05841,63.86160,64.15690
Cathode Width (mm),LH1T-486,2820,2024-02-07 07:57:40,64.038,64.05842,63.87805,64.15727
Cathode Width (mm),LH1T-487,2821,2024-02-07 08:06:59,64.036,64.05843,63.86163,64.14061
Cathode Width (mm),LH1T-488,2822,2024-02-07 08:16:18,64.043,64.05843,63.89440,64.17341
Cathode Width (mm),LH1T-489,2823,2024-02-07 08:25:43,64.038,64.05841,63.86161,64.15697
Cathode Width (mm),LH1T-490,2824,2024-02-07 08:35:15,64.043,64.07483,63.89440,64.15701
Cathode Width (mm),LH1T-491,2825,2024-02-07 08:44:42,64.038,64.05850,63.89440,64.15705
Cathode Width (mm),LH1T-492,2826,2024-02-07 08:54:04,64.040,64.05850,63.87800,64.15715
Cathode Width (mm),LH1T-493,2827,2024-02-07 09:03:39,64.026,64.05850,63.86190,64.14045
Cathode Width (mm),LH1T-494,2828,2024-02-07 09:12:55,64.040,64.05840,63.87801,64.17337
Cathode Width (mm),LH1T-495,2829,2024-02-07 09:22:18,64.039,64.05840,63.86160,64.15685
Cathode Width (mm),LH1T-496,2830,2024-02-07 09:31:45,64.054,64.07490,63.87801,64.18965
Cathode Width (mm),LH1T-497,2831,2024-02-07 09:41:05,64.040,64.05840,63.89440,64.17333
Cathode Width (mm),LH1T-498,2832,2024-02-07 09:50:24,64.042,64.05853,63.89441,64.17333
Cathode Width (mm),LH1T-499,2833,2024-02-07 09:59:48,64.027,64.04200,63.86160,64.14041
Cathode Width (mm),LH1T-500,2834,2024-02-07 10:09:05,64.038,64.05850,63.89448,64.15685